Actual_Average_Rating,Predicted_Average_Rating
3.42,3.0661902
4.35,4.138627
3.73,3.8095095
3.81,4.028441
3.69,3.6450999
4.09,3.713751
3.35,3.4906168
2.51,2.631384
2.98,2.9526145
3.54,3.63875
3.93,3.6566937
2.67,2.742854
4.09,4.0669055
2.92,2.9197888
2.79,2.8155875
2.32,2.771735
2.81,2.7217815
3.73,3.9040573
3.51,3.2978935
2.19,2.3217547
2.8,2.9345644
2.95,3.140399
3.37,3.1762438
2.46,2.648907
3.73,3.75609
3.268535187347416,3.2756207
2.98,3.046864
3.28,3.201531
3.72,3.5178988
3.86,3.7234597
3.11,3.0003955
3.63,3.5690567
3.04,3.0875492
3.79,3.3677995
3.67,3.3746219
3.12,2.6673272
2.7,2.8845894
3.81,3.6591523
3.01,2.8321242
2.27,3.1560743
2.59,2.6917772
3.98,3.6719222
2.61,3.071701
3.79,3.5545495
3.25,3.3263125
3.83,3.2972393
2.32,2.283917
3.05,2.9323812
3.96,3.9569545
2.83,2.8609815
3.34,2.9480696
3.82,3.6268609
3.96,3.846051
2.39,2.537962
3.12,2.9286604
3.268535187347416,3.2602565
3.51,3.257676
3.44,3.4091773
3.62,3.7144945
4.12,4.0524106
3.68,3.5866172
3.28,3.0558724
3.268535187347416,3.2409775
3.78,3.864817
2.75,2.8860016
3.82,3.7634175
3.34,3.2904758
3.58,3.622622
3.43,2.9951353
2.37,2.5936651
3.17,3.0175745
2.46,2.6946344
2.89,2.77302
3.63,3.6107893
2.61,3.0523152
2.97,3.0729163
3.72,3.571886
3.61,3.8039029
4.09,3.7346911
3.8,3.806603
3.32,3.1911833
3.65,3.6390831
4.41,4.178686
3.04,3.228622
4.42,4.293485
4.03,3.5231607
2.75,3.0653036
3.15,3.239026
3.79,3.895328
3.66,3.858526
3.36,3.425405
3.268535187347416,3.2509577
2.94,2.7807941
2.11,2.832444
3.85,3.8716106
3.77,3.5582623
4.1,4.2000804
3.72,3.339279
3.36,3.2771132
2.96,3.1293342
2.39,2.284922
3.24,3.6449409
3.48,3.3919792
3.01,2.9520237
2.33,3.2384992
3.36,3.3769891
3.79,3.9171402
3.73,3.7444847
3.7,3.3432543
3.5,3.5124104
4.18,3.6823475
3.57,3.6948628
3.45,3.0838556
3.44,3.5093148
2.87,2.9744039
3.75,3.4527946
3.6,3.2939827
2.82,2.619003
3.31,3.1321547
3.268535187347416,3.1453757
3.39,3.3376517
4.1,4.016724
3.7,3.6276343
3.51,3.1611013
2.95,3.287938
3.33,3.1921601
2.88,2.696545
3.18,3.0583134
3.54,3.573215
3.26,3.0636876
4.08,3.7672465
3.98,3.878372
3.92,3.530252
3.23,2.9499438
4.18,4.1031017
2.8,2.8180213
3.88,3.8640862
3.62,3.710968
3.39,3.4943855
1.76,2.3734672
3.15,3.6199284
1.97,2.8206675
3.37,3.5670803
3.8,3.8265834
3.268535187347416,3.017141
2.55,2.9410503
3.15,3.033685
2.33,2.587242
3.72,3.431867
4.52,4.174461
3.17,2.9785235
2.33,2.6847656
2.91,3.1153693
3.16,3.0434585
3.85,3.9605403
3.2,3.2955945
3.268535187347416,3.2387645
4.22,4.0146637
3.47,3.756221
3.52,3.568906
4.16,4.1785774
3.06,3.2120898
1.79,2.7584841
3.89,3.721523
3.68,3.8430321
2.6,2.7794974
2.63,2.870023
3.67,3.548966
3.54,3.5514388
2.65,2.4368122
4.19,4.0071597
3.2,3.2714727
3.1,2.9180903
3.65,3.4652739
3.53,3.4360852
3.79,3.696456
3.32,3.3278992
3.89,3.5871513
3.21,3.1043448
2.58,2.616453
4.12,4.2310805
3.19,2.9270852
3.15,3.3815916
3.06,2.9788392
3.28,2.880623
3.33,3.2109222
3.16,3.065351
3.02,2.9708307
3.3,3.2523274
3.54,3.5356004
2.85,2.7042375
2.88,2.6345246
3.8,3.706815
3.268535187347416,3.2310412
3.18,3.2306578
2.77,2.9589043
2.97,2.7706218
3.77,3.8396704
3.27,3.3219872
2.53,2.439062
2.33,2.3516183
4.21,4.0867977
3.88,3.802829
3.33,2.9954782
3.39,3.7245338
3.13,3.2197742
3.6,3.5009255
4.11,3.9132502
2.5,2.7919242
3.43,3.4400256
2.31,2.2953773
3.268535187347416,3.241949
3.46,3.584266
3.6,3.1913157
3.37,3.4391012
3.47,3.4140983
3.47,3.3317688
3.48,3.3428135
3.38,3.3564994
3.34,3.305407
3.9,3.8083332
3.56,3.2734747
2.9,3.1455128
3.16,2.9174037
2.94,3.5270889
3.58,3.7014296
3.41,3.9632397
2.72,3.0490296
2.9,3.257662
2.92,2.811982
3.23,2.9664018
2.72,2.9421062
3.268535187347416,3.2368364
4.37,4.0540075
3.47,3.0165927
3.6,3.392264
2.59,2.8740366
3.54,3.5709434
2.46,2.5174844
3.48,3.4493377
3.79,3.470084
3.38,3.1506398
4.45,4.2677097
3.78,3.6151106
3.52,3.2630546
3.91,3.9030998
3.54,3.6799126
3.67,3.5100315
2.61,2.9578533
2.4,2.4744606
3.43,3.407993
3.77,3.7401214
4.03,4.189692
3.57,3.6171782
3.49,3.5099037
3.16,3.1570816
3.268535187347416,3.262209
3.39,3.1352925
3.268535187347416,3.2245407
2.99,2.8934662
3.19,2.9541738
3.268535187347416,3.2572937
3.8,3.698317
3.3,3.0709703
1.97,2.1770191
3.55,3.5075846
3.31,3.127175
4.22,4.071891
3.58,3.4916775
2.5,2.5809019
3.23,3.0399873
2.53,2.626058
3.14,3.2831693
2.54,2.3632493
1.71,1.8083265
3.75,3.5602279
3.268535187347416,3.2838159
4.17,4.062705
3.04,2.8398387
2.37,2.5787005
3.27,2.9493182
4.12,4.21709
3.86,3.889804
3.29,3.3216379
3.61,3.843892
3.52,3.7642982
3.18,3.536301
2.57,2.8942046
3.64,3.9238076
3.22,2.9319072
4.08,4.010056
3.18,3.227164
1.97,2.3020573
2.89,2.8145187
2.69,2.8408394
4.07,3.9584422
3.05,2.9874861
3.03,2.8611398
3.68,3.5102189
3.9,3.9340048
2.83,2.8639295
3.71,3.6400516
4.02,3.798265
2.72,3.1198392
4.51,4.2477455
1.75,2.7285364
3.34,3.2841454
3.58,3.561633
3.69,3.6339874
3.26,3.0940373
3.73,3.4165971
2.57,3.0274289
3.268535187347416,3.2984471
3.62,3.3956633
3.66,3.7543645
2.3,2.8118088
3.15,3.0424654
3.36,3.5430202
3.91,3.8599598
2.02,2.1721244
3.71,3.4667823
3.22,3.090846
2.58,3.0961254
3.03,3.1567726
3.78,3.5161319
3.24,3.0602796
2.84,2.9153848
3.22,3.136599
3.268535187347416,3.235401
3.09,3.0174987
2.41,2.6583197
3.38,3.3649898
3.64,3.5791008
3.81,3.8781006
3.38,3.6247919
3.12,3.339434
3.33,3.4266284
2.87,3.132602
3.268535187347416,3.2409775
3.47,3.1653254
3.14,2.5913625
3.18,3.0945911
3.16,3.061769
3.99,3.9125614
2.51,3.0209997
3.43,3.6993916
3.04,3.2734103
3.13,3.1372619
3.268535187347416,3.277833
3.05,2.878366
2.41,2.6773705
3.02,3.3551335
3.3,3.400178
3.74,3.8903208
3.01,3.1493294
2.93,2.8461478
2.4,3.1398227
3.9,4.0528855
3.39,3.2565842
3.66,3.7449117
3.01,3.0489743
3.32,3.38766
3.58,3.499345
3.96,3.5189383
3.5,3.417841
3.04,2.8251216
2.91,2.617413
2.7,3.4304316
2.24,2.601726
3.92,4.071792
3.268535187347416,3.2212918
3.68,3.4565995
3.6,3.2067945
3.47,3.2895658
3.5,3.2491224
2.42,2.5419033
2.5,2.380336
3.22,2.9916542
2.93,2.80732
4.09,3.9975004
2.67,3.1074452
3.7,3.6354764
2.81,2.969895
2.68,2.8557427
3.33,3.1947727
2.68,2.7236829
3.27,3.6651344
3.41,3.108088
4.15,3.844513
3.62,3.5003269
3.69,3.5570526
3.45,3.5583146
2.99,3.0250685
2.4,2.790242
3.268535187347416,3.2490175
3.22,3.188131
2.67,3.0150588
4.03,4.0466905
2.21,2.3289466
4.04,3.9924138
3.86,3.6824005
2.48,2.4829707
2.09,2.6156018
3.48,3.769809
3.17,3.2735066
3.9,3.6939921
2.98,2.8909304
2.93,3.0450444
2.62,2.9012206
4.15,3.62792
3.24,3.057787
1.68,2.0814595
3.6,3.5195847
2.77,3.1211793
3.268535187347416,3.3366675
3.5,3.5035136
3.22,2.8721216
2.93,2.9190726
3.47,3.7249036
3.12,3.3013244
2.41,2.6422372
4.09,3.936113
2.57,2.8320227
3.47,3.4758148
1.96,2.5465999
3.97,3.9085717
3.46,3.593465
3.25,3.4328582
2.48,2.7761848
3.39,3.1660783
3.03,2.9364662
2.93,3.1672215
2.47,2.4232507
3.23,2.8928668
1.39,2.3549414
3.47,3.3331103
4.2,4.0451655
3.75,3.562514
4.05,4.0118585
2.36,2.5400538
4.05,3.9140577
3.29,3.5371795
2.65,2.7740486
2.01,2.2595887
3.79,3.9488094
3.58,3.6871614
3.19,3.3944597
3.5,3.3626647
4.36,4.06723
3.26,3.3948019
3.99,3.9064174
3.32,3.430814
3.1,2.8483956
3.32,3.008756
3.08,2.6918657
3.71,4.0234046
3.268535187347416,3.2486422
2.55,2.8658822
3.27,3.5345848
3.74,3.668302
3.85,3.5516987
3.268535187347416,3.3011765
2.76,3.0474167
2.79,2.919703
3.59,3.7767081
2.8,2.943883
3.02,3.1332076
3.55,3.42743
3.28,3.3847342
3.21,3.6151686
3.22,3.1742442
2.91,2.9067361
4.35,4.2801323
3.14,3.1926076
3.36,3.377191
2.83,2.929607
3.82,3.642775
3.06,3.1142895
3.22,3.2559776
3.86,3.859248
3.82,3.819793
3.79,3.953402
3.96,3.7503252
3.27,3.4386468
2.65,2.8982706
3.61,3.4790916
3.39,3.4417987
3.54,2.863329
3.99,3.8792586
3.81,3.7535944
3.47,3.4794385
3.38,3.8296378
4.05,4.1369333
3.42,3.0200684
2.73,2.9074416
2.6,2.7213085
3.44,3.209077
3.21,3.0750241
3.84,3.6216218
2.62,2.9180913
3.36,3.3782227
3.47,3.2312405
3.24,3.3423622
3.39,3.4245968
4.05,3.9269207
2.55,2.6763108
3.44,3.7632377
3.45,3.6285782
2.32,2.5930429
3.32,3.3614035
2.87,2.611009
1.8,1.6714925
4.0,4.0259185
3.08,3.1094904
3.23,3.1346073
2.82,2.6275623
3.66,3.4207182
3.268535187347416,3.2245407
3.45,3.383114
3.18,3.274336
3.29,3.5974534
2.47,2.2943718
3.41,3.622077
2.11,2.6155593
3.95,3.7170575
3.23,3.081178
3.43,3.4484696
4.11,3.8225956
2.35,3.331942
3.92,3.8885467
3.21,3.0473769
4.09,3.6472256
2.89,3.2540045
3.41,3.4298515
3.47,3.259872
3.49,3.2089484
3.25,2.9657848
3.8,3.9120386
2.19,2.1697516
2.85,3.167668
3.77,3.7772021
4.43,4.1887283
3.47,3.3243666
3.01,2.9749815
3.26,3.1524792
3.71,3.8722517
4.15,4.1119285
3.268535187347416,3.2409775
3.57,3.5947263
3.44,3.0594974
3.51,3.5429566
3.268535187347416,3.2405305
3.14,3.701097
2.64,2.8680809
3.01,3.7816586
3.77,3.9602633
2.82,2.772015
3.268535187347416,3.1727347
2.43,2.8254917
2.79,2.9855585
3.268535187347416,3.2551436
3.44,3.3944054
2.78,2.9229877
3.33,3.1280396
3.78,3.678821
3.55,3.7472882
2.62,2.5982635
2.52,2.96847
4.12,3.9732795
3.6,3.299566
3.6,3.6185193
2.38,2.477816
3.45,3.4356222
2.58,2.4701226
3.04,3.041096
3.27,2.963891
2.25,2.890354
2.71,2.9813051
3.268535187347416,3.2330427
4.09,4.012843
4.18,3.9536893
2.67,3.0930462
2.99,2.9406419
4.39,4.1318474
2.81,2.938422
3.21,3.4255142
3.48,3.7286634
2.48,2.3890483
2.81,2.9792075
3.92,3.645424
3.32,3.379015
3.93,3.9063618
3.93,3.827309
4.32,4.2388496
3.29,3.0859315
3.57,3.2343545
3.268535187347416,3.254594
3.57,3.806872
3.73,3.8021324
3.22,3.2322922
3.59,3.9977255
3.18,3.1357684
3.01,3.3335314
3.27,2.9576983
3.09,2.8594053
4.0,3.9635289
3.21,3.0537486
3.69,3.513047
2.62,3.3950655
3.268535187347416,3.2994447
3.97,4.001584
3.17,2.4884024
3.17,3.0937726
3.22,2.7922468
3.66,3.512064
3.0,3.0036108
3.4,3.1661868
3.03,2.731791
3.54,3.2476668
3.02,3.320432
3.18,3.224215
3.68,3.4446132
2.05,2.583291
3.32,3.2484682
3.51,3.4893093
3.29,3.0114977
3.82,3.8196347
3.38,3.1043017
2.41,2.5074704
3.268535187347416,3.2518551
3.62,3.243713
2.65,2.433686
3.8,3.4307108
3.17,2.945722
2.43,2.5946767
3.34,2.8242776
3.08,3.098013
2.87,2.8226056
3.7,3.8544912
3.58,3.3786166
4.27,4.2860723
3.53,3.7921586
3.75,3.8203626
3.35,3.2392824
2.27,2.8140562
3.35,3.224395
3.268535187347416,3.3176966
2.4,2.8199906
2.96,2.826188
2.65,2.5930154
3.77,4.156286
3.35,3.2262619
2.44,3.1175709
3.27,3.1200786
3.2,3.0488007
2.79,3.0761917
4.02,3.7761018
3.24,3.0210557
3.268535187347416,3.2642622
4.17,4.0643106
3.72,3.708295
2.45,2.465473
2.72,2.7282481
3.3,3.3172252
3.82,3.713981
3.67,3.4784923
3.55,3.3433342
2.44,2.5474565
3.92,3.9376466
2.97,3.1420918
3.64,3.5869956
3.04,3.139337
3.37,2.940625
3.18,3.1575384
3.87,3.4526465
4.07,4.189037
2.9,3.0608222
3.08,2.8404074
2.98,3.1358912
3.56,3.6092691
3.2,2.9965286
4.25,4.0377274
2.88,3.0292435
3.42,2.999878
2.48,2.3966308
3.77,3.778575
3.268535187347416,3.1684706
3.43,3.2876036
3.33,3.1678994
2.88,2.998777
3.46,3.4432073
2.67,2.3711534
3.4,3.4469206
3.268535187347416,3.286364
3.03,3.5183043
3.32,3.2832701
2.74,2.9436982
3.3,2.9341893
3.268535187347416,3.2409775
3.68,3.6101925
3.268535187347416,3.325841
3.08,3.1183574
3.26,3.2543898
3.7,3.619662
2.68,2.619496
3.268535187347416,2.9577417
3.0,3.102396
3.01,2.9942017
3.29,3.699552
3.29,3.027455
3.34,3.158685
3.56,3.3335357
3.36,3.526852
4.02,4.031222
4.33,4.0244045
3.268535187347416,3.2310412
3.73,3.9472616
2.77,2.8332446
3.36,3.2239897
3.96,3.677878
2.95,3.3306062
2.92,2.7273118
2.75,2.4395905
2.35,2.549034
3.24,3.5270596
3.26,3.0483139
3.268535187347416,3.3044994
2.22,1.8402877
3.0,2.9146063
3.51,3.29345
3.16,3.0620346
4.32,4.0977044
3.2,3.1167188
3.23,3.4967813
3.15,3.172352
2.38,2.45763
3.67,3.4878833
3.64,3.5410566
3.268535187347416,3.2978716
4.26,4.037892
3.59,3.341393
3.91,3.9067624
4.27,4.2475033
3.42,3.2704737
2.87,3.0274615
2.8,3.1040308
3.38,3.269724
2.92,2.9790046
4.13,3.5873497
3.23,3.0389767
3.22,3.205715
2.81,2.4942164
3.268535187347416,3.2751687
3.56,3.5828485
2.66,3.2960489
3.24,3.6396983
3.63,3.5455992
3.22,3.147927
2.84,2.4824588
3.35,3.4339557
2.66,2.6372085
3.32,3.4270933
2.83,2.9142363
2.43,2.588208
3.15,3.0372167
3.62,3.484789
4.12,4.090341
3.09,3.3956125
2.76,2.4499524
2.33,2.6301978
3.42,3.5127206
3.78,4.045673
3.44,3.2762861
3.33,3.231042
3.73,3.5731297
1.95,2.407297
2.89,2.7446206
3.91,3.7729847
2.91,2.6634426
2.77,3.1851637
2.95,3.186551
3.268535187347416,3.235836
2.28,2.8377151
3.36,3.5941632
3.95,3.8612466
2.83,2.7430751
3.32,3.4594643
2.24,2.897961
2.75,2.95211
3.13,3.2918441
3.33,3.4956214
3.06,3.0601816
3.92,3.9070888
3.15,2.8942611
3.9,3.5954196
3.13,3.1391182
4.04,3.9264398
2.56,2.6975493
3.51,3.5788937
3.72,3.1299057
3.92,3.676058
2.87,2.9415772
2.99,2.83916
4.3,4.267415
2.92,2.9371877
3.53,3.3333852
2.23,2.5510333
3.81,3.8518147
3.33,3.3774498
3.69,4.0595617
3.79,3.9300117
3.19,2.8981495
2.89,3.1581552
3.36,3.4169517
3.73,3.8762262
3.56,3.5438948
3.96,3.7634335
3.38,3.7691994
3.58,3.6777236
3.31,3.4129477
3.17,2.7597399
2.92,3.0697217
3.268535187347416,3.302491
3.5,3.2296498
3.06,3.0384622
3.25,3.5460155
2.44,2.5728571
3.08,2.9362266
3.5,3.5974395
3.19,3.278165
3.01,3.188021
1.9,2.4358866
3.07,3.1330202
2.63,2.3754683
3.72,3.5878854
2.57,2.6917772
3.86,3.8679116
3.87,3.8180492
3.268535187347416,3.246164
3.81,3.7393978
3.31,3.5020812
3.1,3.1608279
2.5,2.6957827
3.3,3.3625124
3.18,3.1988783
3.56,3.8325205
2.52,2.7475455
2.43,2.9679635
3.55,3.2677693
3.4,2.6068668
3.2,2.9133189
3.25,3.0343444
3.54,3.2386842
3.33,3.50816
3.87,3.5734951
3.11,3.2266457
3.56,3.6085913
3.268535187347416,3.3621795
2.82,3.0312526
3.45,3.5092506
3.92,3.8837125
3.15,2.8034406
2.8,2.852126
3.82,3.603201
2.77,2.7870712
2.81,2.8596916
3.15,3.0517948
3.06,3.1187074
2.76,2.6808739
3.04,3.051854
3.85,3.806896
3.73,3.6399262
3.03,3.2094593
3.25,3.1406012
3.9,3.8768322
3.268535187347416,3.2409775
3.71,3.8412232
2.53,2.6415608
3.03,2.967161
4.6,4.319621
3.84,3.3854108
4.17,4.261566
3.68,3.5732243
3.82,3.390821
3.68,3.9602683
3.09,3.1157355
3.268535187347416,3.205645
4.14,3.5262005
4.1,4.1390243
3.07,3.0377958
3.08,3.2048175
2.86,2.5226865
3.81,3.577628
3.55,3.903444
4.12,3.9276116
4.23,3.7329206
3.94,3.8901834
3.47,3.5503652
4.32,4.1057134
4.09,4.036953
3.09,3.3641198
2.85,2.5079732
3.77,3.8488073
2.73,3.089888
3.55,3.4134865
3.02,3.0738456
3.69,3.786421
3.48,3.6261349
3.08,2.8242195
2.89,2.4684813
1.81,2.2382977
3.06,2.9674528
2.89,3.144622
2.54,2.8939314
2.44,2.7240038
3.268535187347416,3.2221825
3.96,3.647069
4.04,3.9303775
3.56,3.69416
3.268535187347416,3.2409775
3.72,3.5009732
3.9,3.7282767
4.17,4.146461
3.268535187347416,3.2409775
3.1,3.0262253
4.23,3.7489214
3.42,2.910469
3.32,3.4001803
2.29,2.7804694
3.81,3.558917
3.76,3.7300293
3.87,3.6675067
3.91,3.870151
3.92,4.0472355
3.97,3.4051144
3.01,3.0845447
2.44,2.6385856
3.85,3.8432999
2.6,2.5933726
4.2,3.804865
3.268535187347416,3.2665126
3.0,3.1050785
3.41,3.709189
3.32,3.0397549
3.59,3.4312637
2.73,2.6897545
3.25,3.420346
3.94,3.6824605
3.37,3.1783338
3.77,3.465363
2.46,2.1868012
4.2,3.9974227
3.28,3.0751383
3.45,3.2067425
3.92,3.5738945
4.13,3.95613
4.05,3.806324
3.39,3.5185227
2.06,2.6755664
2.87,3.0211647
3.47,3.489436
3.97,3.9326494
2.71,2.7667582
2.72,2.9168084
3.91,3.8689375
4.38,4.31538
3.268535187347416,3.2409775
3.0,2.9788847
3.268535187347416,3.2633543
3.28,3.2238417
3.07,3.421939
2.47,2.7762554
3.45,3.4910529
2.94,3.2759159
3.49,3.3428926
3.84,3.8361013
4.24,4.0855885
3.99,3.978315
3.4,3.2535315
3.1,3.318404
3.3,3.367162
3.2,3.2553399
2.28,2.691445
3.17,3.2425075
3.07,3.5380135
2.32,2.5667343
3.77,3.5484645
3.08,3.1124644
3.44,3.134545
3.268535187347416,3.271742
2.86,2.9342873
3.65,3.3115952
3.268535187347416,3.2409775
3.5,3.6240013
2.94,2.6927102
2.26,2.5563629
3.96,4.0982146
3.3,3.2977986
3.42,3.174559
3.07,2.9708478
3.268535187347416,3.1105738
2.65,2.7264457
3.5,3.2192092
2.68,3.1670666
2.8,2.879921
3.76,3.6934936
3.72,3.6129422
3.45,3.6443598
3.268535187347416,3.2381573
3.6,3.9032884
3.31,3.120517
3.2,3.3349636
3.12,3.2600017
2.71,2.7018747
2.81,2.6821723
3.27,3.1682615
3.45,3.3057828
3.52,3.851698
3.59,3.5592618
4.09,4.200296
3.8,3.6193674
3.46,3.2557971
3.23,3.1594224
2.57,2.7972703
3.41,3.5788305
3.12,3.3845565
2.57,2.7268658
3.21,3.2899122
3.33,3.3161795
3.81,3.7327914
2.38,2.1228101
2.99,2.8646061
3.0,3.2091155
3.268535187347416,3.2490175
3.44,3.6350396
3.56,3.489158
3.16,3.2376673
3.29,3.2374902
3.05,2.9803255
2.31,2.492425
3.28,3.2621534
2.57,2.7665663
3.8,3.7965724
3.268535187347416,3.1910353
3.49,3.0222368
3.81,3.9029958
3.24,3.016684
3.15,2.8208492
3.84,3.7893922
2.91,2.9156773
3.17,2.8122392
2.99,3.2090678
3.16,3.298453
3.33,3.099327
3.52,3.5768924
3.84,4.0597825
3.31,3.0873883
4.12,3.9290066
3.17,3.2749906
1.08,2.0935063
3.29,3.2670124
2.97,3.077037
3.6,3.679226
3.54,3.6145837
3.73,3.9243808
3.38,3.1824791
3.12,3.2823155
3.75,3.5454433
3.37,3.4787428
2.08,2.3914995
3.96,4.0408783
3.92,4.094093
3.85,3.8874345
2.57,2.582217
3.06,2.9318862
3.76,3.9448464
2.62,2.4677591
2.79,2.5988476
4.08,4.0946093
3.35,3.3892817
3.67,3.3724885
3.73,3.6682193
3.98,3.9224265
2.92,2.5096712
2.91,3.094117
2.41,2.1802137
2.59,2.8459463
2.88,2.595249
2.93,2.904749
2.83,2.8647203
2.62,2.6129332
3.42,3.1422062
2.76,2.718703
4.08,4.0278187
3.85,4.0830855
3.6,3.609778
2.81,3.1667137
3.21,3.1087556
2.93,3.1376896
2.67,2.5245724
3.65,3.4365296
2.98,3.0481553
2.52,2.698526
3.05,3.2028494
3.268535187347416,3.310784
3.2,3.2133105
3.268535187347416,3.2455254
3.04,2.714478
2.75,2.9499586
2.63,2.2335596
2.9,2.8968382
3.268535187347416,3.2557468
3.71,3.758236
3.21,3.208649
3.33,3.450906
3.97,3.5669107
3.87,3.6725726
3.268535187347416,3.254594
3.9,4.0017657
2.77,2.871578
3.75,3.6112173
3.9,3.7833555
3.15,3.1977684
3.268535187347416,3.2780974
3.268535187347416,3.0677307
3.8,3.7581656
4.3,4.172533
3.46,3.681465
3.09,3.488609
1.9,2.3880057
2.53,2.6134474
3.268535187347416,3.287046
3.47,3.6466544
3.61,3.5299294
3.268535187347416,3.2436771
3.268535187347416,3.2246904
3.06,2.957751
3.24,3.0527794
2.91,2.7999337
3.67,3.5028243
3.38,3.1343982
3.88,3.5384846
2.89,3.346943
3.268535187347416,3.3472831
3.68,3.45623
3.1,3.179284
2.96,2.6116638
3.49,3.604886
3.268535187347416,3.3425658
3.42,3.1203175
4.02,3.9850562
2.87,3.0507903
3.72,3.4885988
2.72,2.72531
2.75,3.207317
3.82,3.454268
3.58,3.4578245
3.51,3.4265335
3.03,3.0011406
3.268535187347416,3.254594
4.02,4.0214696
3.23,3.1804013
3.85,3.9337418
3.3,3.4523292
3.58,3.3105745
3.91,3.7663295
3.3,3.350635
3.91,3.7787614
3.9,3.6321867
3.79,3.4139698
4.0,3.9217424
2.46,2.7949617
3.73,3.716681
3.67,3.3160367
2.95,2.7130215
2.87,2.9524662
4.5,4.451415
4.24,4.195823
3.66,3.4284449
3.07,3.0899022
2.0,2.8949094
3.12,3.111302
2.98,2.8633006
3.26,3.467749
3.67,3.3497684
2.77,2.8589451
3.24,3.006317
3.268535187347416,3.3245006
3.268535187347416,3.2381573
2.87,3.0458903
2.43,2.9429076
3.13,2.9667625
3.73,3.4128158
2.98,3.0149534
3.39,3.3519008
3.66,3.7449267
4.23,3.680523
3.69,3.6553986
3.268535187347416,3.273659
3.49,3.376644
3.2,3.496989
3.49,3.2464907
3.44,3.3731666
4.22,4.1843276
3.6,3.4520037
3.268535187347416,3.2409775
2.31,2.0955539
3.18,3.1502192
2.91,3.2655413
3.52,3.4090827
3.12,3.3555596
3.72,3.387014
4.08,3.9179265
3.61,3.3093486
3.71,3.9442632
3.51,3.4910414
2.48,3.1395223
2.59,2.433146
3.31,3.0334837
2.76,2.904391
3.46,3.622178
3.31,3.6517723
3.53,3.6427026
4.03,3.9656138
4.0,3.9472823
3.21,2.7954702
3.35,3.7315664
4.43,4.3049035
2.51,2.3995047
3.08,2.86488
2.76,3.1199365
3.23,3.1631782
2.47,2.902408
2.51,2.372254
2.78,2.8043802
4.4,4.2130976
3.57,3.3707159
3.5,3.6529973
2.61,2.8912692
3.3,3.0767462
3.84,3.955179
3.268535187347416,3.3061864
3.268535187347416,3.2504933
2.27,3.237368
3.93,3.7571433
3.268535187347416,3.295589
3.67,3.8135357
3.42,3.1367397
3.12,3.050975
3.33,3.1526525
3.42,3.3302143
3.29,3.228538
3.79,3.6872103
3.5,3.3659725
3.268535187347416,3.3388536
2.93,2.5818849
2.81,2.5548437
3.2,3.1369908
2.26,2.2702518
2.18,2.4050133
3.22,3.5033236
3.13,3.1409225
4.27,3.6864073
3.92,3.8289313
3.1,3.148619
4.28,4.1259384
2.55,2.4643698
3.8,3.780448
3.57,3.3733723
3.69,3.7999346
3.42,3.684643
3.04,3.3305979
3.43,3.5120273
3.268535187347416,3.2602565
3.59,3.7957218
4.02,3.9262745
3.57,3.1929312
2.36,2.4896576
4.02,4.0125456
3.29,3.0616012
3.07,3.0631235
2.46,2.3286927
1.83,2.6556606
2.93,2.8492556
1.85,2.5025733
4.29,4.424175
3.82,3.550811
2.63,2.7921224
2.9,2.94349
2.34,2.3345964
3.59,3.6022475
2.79,2.681661
3.31,3.3918452
3.33,3.3333993
2.12,2.3808177
4.06,4.3732657
3.95,3.5669785
3.67,3.8463986
3.97,4.0933084
3.26,3.269429
3.62,3.4633121
2.06,2.2696836
3.34,3.3532217
3.06,3.083325
3.268535187347416,3.2878318
2.79,3.178085
3.7,3.9809098
3.33,2.8377204
2.56,2.7866964
3.12,3.0217812
3.42,3.5831444
3.9,3.9196236
3.59,3.5123346
3.69,3.692418
4.16,3.9872167
4.31,4.29033
3.33,3.2575648
3.43,3.2692091
3.84,3.779707
3.32,3.221725
3.25,2.9892676
3.0,3.1242836
3.61,3.5603883
2.87,2.9273448
3.05,3.3707316
3.47,3.5682502
3.268535187347416,3.2318332
4.01,3.9809973
3.66,3.6552715
2.53,2.6044765
3.03,3.1264267
3.73,3.540658
4.06,3.695306
3.58,3.4697886
4.06,3.7687852
2.8,3.0556233
3.01,3.2006452
2.99,2.7848997
3.26,3.3544104
2.95,2.9318204
3.268535187347416,3.249206
2.89,2.697282
2.84,2.9360712
3.47,3.5608187
2.9,2.8477705
3.47,3.3095696
3.83,3.9179125
3.67,3.3998454
2.74,2.9103973
2.3,2.5808332
3.17,3.0605536
4.0,3.855988
4.16,4.1623597
3.41,3.7446184
2.89,2.6655369
3.18,3.1198094
2.5,2.691358
2.94,3.052543
4.4,4.1609216
3.01,3.035633
3.61,3.6110802
2.83,3.4707184
3.75,3.6664917
3.22,3.1903677
2.3,2.4461102
3.22,3.2346864
3.09,3.1430397
3.83,3.9773622
3.8,3.907026
3.07,2.9447849
3.268535187347416,3.249206
3.2,3.225471
3.12,3.4236498
3.77,3.788189
3.76,4.081731
4.19,3.7309246
2.9,2.790254
4.13,4.2309046
3.47,3.2215526
3.44,3.3586965
3.06,3.2898207
3.07,2.9792364
3.84,3.5224497
3.68,3.5884163
3.268535187347416,3.2409775
2.7,2.6962543
2.46,3.0129216
2.25,2.2184372
4.05,3.9135747
2.8,2.8569527
3.98,3.858272
3.45,3.4894662
3.85,3.5644493
2.82,2.8067245
3.4,3.0516791
3.37,3.4956906
3.63,3.774923
3.49,3.7206933
1.8,2.0896316
3.12,3.2825155
3.41,3.4551296
3.39,3.6405146
3.52,3.6795442
2.14,2.2519648
3.21,3.3575673
3.22,3.2359674
3.268535187347416,3.2245407
4.18,4.1728516
3.2,3.449385
3.25,3.535406
3.43,3.405499
3.83,3.8213902
4.05,3.9868903
3.91,3.862852
3.28,3.1962721
2.98,2.8699284
2.72,3.0490024
2.97,3.276595
2.73,3.0715258
3.05,3.7869186
3.4,3.5728996
2.62,3.0999436
2.41,2.4742694
3.268535187347416,3.2175682
3.55,3.3462265
3.98,3.637233
1.69,2.2039368
2.76,2.3626347
3.46,3.1984994
3.19,3.3746426
3.63,3.7890697
3.22,3.0475209
3.22,3.4598975
3.03,3.084585
4.27,4.160525
3.56,3.4117405
2.91,2.826792
2.78,2.6639493
3.06,3.042821
3.17,3.065683
3.66,3.4333098
2.11,2.3769364
2.91,2.8075368
3.5,3.7778575
3.26,3.6702976
2.83,3.166894
3.07,3.123379
3.21,3.2356274
3.14,2.9491127
2.85,2.9030137
3.33,3.1372027
3.24,3.0737896
3.52,3.7258458
2.43,2.5694602
3.09,3.2941003
3.48,3.8837607
2.88,3.0039074
3.31,3.4469998
4.2,3.88529
2.99,3.1694636
4.21,3.9473975
3.27,3.1794567
2.48,2.6742392
3.35,3.378659
3.23,3.2074776
2.93,3.3935816
2.09,2.2983198
4.19,4.1082983
3.58,3.786482
3.82,4.014331
3.45,3.6362271
3.44,3.5431185
2.96,2.8957355
2.25,2.2383325
2.9,3.264699
3.18,3.0258899
2.42,2.610567
1.9,2.1814444
3.08,2.7942808
3.21,3.2259097
3.16,3.2303238
2.94,3.2619207
3.74,3.6291082
3.46,3.2882013
2.71,2.4050293
3.65,3.43745
2.16,2.3883772
3.25,3.2687895
3.49,3.5433533
3.17,3.0868492
4.17,3.9507453
3.38,3.23591
3.268535187347416,3.24065
3.268535187347416,3.2686055
2.91,3.1702607
3.45,3.1789987
2.86,2.702219
3.71,3.6837702
3.87,4.0119505
2.85,3.3045642
3.12,3.224369
3.25,2.8366284
2.38,2.3653913
2.91,3.053553
3.34,3.0153043
2.49,2.4483597
2.78,2.8330815
3.19,3.0481808
3.53,3.4827828
3.17,3.2863486
2.59,2.9788656
3.43,3.1546717
3.02,3.0793684
3.65,3.6698
3.59,3.2198157
3.76,3.6492474
3.73,3.9135036
3.49,3.516031
3.29,3.4180868
3.11,2.9918287
3.37,3.0554566
3.73,3.5678976
2.77,2.942451
4.01,3.867863
3.76,3.3484778
4.32,3.6668997
3.51,3.4710257
4.29,4.0722837
3.268535187347416,3.2486534
3.82,3.7227254
3.63,3.5688462
2.52,2.6027956
2.33,2.3923302
3.63,3.7313359
2.71,3.133963
1.97,2.0791826
3.06,2.9857812
3.29,3.3612924
3.81,3.798273
2.56,2.6078653
3.9,4.07308
2.07,2.2308586
2.87,2.9311988
3.268535187347416,3.2409775
2.87,2.4430995
2.9,2.5713882
1.97,1.9801582
2.27,3.0155425
2.61,2.6771119
3.17,3.005729
2.55,2.694686
3.32,3.181657
3.94,3.8753304
3.09,3.1508436
2.84,2.5956326
3.21,3.113232
3.93,3.879778
4.09,4.087132
2.55,2.6784072
4.06,4.0638433
3.44,3.2969165
3.48,3.6276581
2.72,3.0827777
3.22,3.0349238
2.33,2.4923022
3.26,3.2500925
3.36,3.3778663
2.68,2.9428816
2.76,2.8600328
3.268535187347416,2.9930146
3.268535187347416,3.2228565
2.91,2.5348098
3.75,3.7885113
2.75,2.77089
3.5,3.1535518
3.19,3.1640291
2.58,2.633768
3.14,2.9414191
3.98,3.8860946
2.44,2.635533
3.77,3.7258053
3.79,3.7136598
3.35,3.7332356
3.44,3.3479524
3.76,3.9943972
2.92,2.905441
3.26,3.668894
4.2,4.06014
3.51,3.5129142
3.69,3.538023
3.63,3.389169
4.12,3.9274614
2.47,2.8506966
3.01,2.790406
2.99,3.2447307
3.88,3.9097261
3.7,3.6061618
3.268535187347416,3.360391
3.52,3.3019028
2.65,2.778815
3.3,3.3539474
4.04,3.8850236
3.268535187347416,3.2386193
3.85,3.7530086
2.68,2.0990899
2.49,2.8192856
2.87,2.8490195
3.72,3.4836776
2.83,2.691116
3.34,3.2095227
2.1,1.9992869
2.6,2.874686
3.79,3.5678637
3.21,2.9592595
3.54,3.7258377
2.85,2.9725442
2.73,2.5992725
3.66,3.9372768
2.72,2.4729056
3.07,3.0861526
3.29,3.1776624
1.64,2.7354858
3.89,4.0211515
3.268535187347416,3.560969
3.26,2.9364142
2.24,2.8647397
2.47,2.6462595
3.88,3.7690735
3.56,3.7662804
3.87,3.7739084
3.268535187347416,3.2472484
3.43,3.192092
3.11,3.3291876
3.62,4.0648437
3.23,3.1961641
3.74,3.785654
3.87,4.368351
2.81,2.5700657
2.38,2.6343234
2.11,2.2042336
3.24,3.5304153
3.43,3.1967807
2.59,2.9332294
3.06,3.1094487
2.82,3.3847108
2.95,2.9648325
3.24,3.5800447
3.63,3.7844489
3.92,3.7525656
3.29,3.1610394
4.41,4.221344
3.268535187347416,3.235401
3.48,3.325171
3.58,3.494854
3.09,3.0364444
3.2,3.5635903
2.93,3.1818397
3.27,3.3668678
3.89,3.5604863
3.71,3.1999505
3.46,3.6300335
3.268535187347416,3.217104
3.39,3.0749123
1.49,2.262652
4.12,3.8924687
4.21,3.881219
3.35,3.6971529
3.73,4.002959
2.42,2.7051334
2.91,2.9533422
3.85,3.7148287
3.86,4.05486
2.93,3.136295
3.01,3.5464516
3.53,3.7969034
3.26,3.0674298
2.01,2.6596415
3.49,3.3428926
4.03,3.8658042
3.77,3.9777498
3.268535187347416,3.2832434
3.83,3.8563192
3.19,3.0171542
3.33,3.286747
2.85,2.7423792
3.21,2.9643798
3.6,3.6219242
2.07,3.0313683
4.02,3.7196002
3.72,3.3584013
2.96,3.3119853
3.6,3.4068382
2.79,3.0894697
2.87,2.821741
2.83,3.1645613
4.23,4.11715
2.34,3.13624
3.76,3.2823913
3.46,3.1886394
3.6,3.685318
3.73,3.8611672
3.11,3.2318323
2.24,2.6704984
3.74,3.9904184
3.1,3.1669147
3.82,3.6086304
3.76,3.6764264
3.268535187347416,3.2175167
3.47,3.3529706
3.268535187347416,3.2776408
3.65,3.788563
2.22,2.4039679
2.42,2.3285828
3.66,3.6430957
3.39,3.1415608
3.2,2.7424638
2.07,2.4258776
2.84,2.756136
2.91,3.1897807
3.18,3.1576629
3.268535187347416,3.3055089
3.76,3.402485
2.92,2.5163891
3.39,3.2859242
2.41,2.1655123
4.03,3.8743584
3.268535187347416,3.2409775
3.25,3.1494038
3.73,3.7149951
2.83,2.7994676
4.21,4.256367
3.07,3.1982865
3.95,3.8263102
3.62,3.7208288
2.87,2.9067273
2.81,2.8102326
3.268535187347416,3.2601643
2.29,2.4306352
3.53,3.7380772
3.37,3.3641942
2.9,2.8116071
3.99,4.1133976
3.58,3.3035128
3.72,3.5692704
1.81,2.44018
3.75,3.5335557
2.89,3.0692585
3.25,3.3087206
3.43,3.9199586
4.38,4.295546
3.39,3.36506
3.34,3.5862553
2.85,2.5367866
3.77,3.7796357
3.15,3.0490375
3.53,3.536573
3.23,3.5999615
2.78,2.628401
3.23,2.9685643
3.64,3.5439355
3.83,3.7305708
3.18,2.9250731
2.83,2.7481241
3.75,3.6977952
2.45,2.224521
2.94,3.1261928
3.54,3.7083826
2.26,2.6825292
3.17,3.2192621
3.6,3.1980526
3.15,2.8894215
2.67,2.807092
2.01,3.08498
3.91,3.5431647
3.89,3.8352425
2.45,2.8647258
3.268535187347416,3.4300017
3.7,3.5257282
3.5,3.0327735
2.91,3.208223
3.37,3.395349
2.39,2.799491
3.99,3.7935326
3.44,3.2836316
4.16,3.806321
3.02,3.0238845
3.25,3.3029294
3.23,3.4219608
4.09,4.0629606
3.47,3.3268664
3.27,3.3188517
3.23,3.257841
3.15,3.101113
3.94,3.9886723
2.13,2.431704
3.11,3.1882527
3.23,3.3516173
3.48,3.5681052
3.89,3.7504203
3.8,3.7801533
2.43,2.3204517
3.88,3.6926851
2.56,2.7992668
3.17,3.0253456
2.1,2.4539764
3.01,2.88108
2.84,2.6030726
3.66,3.460267
3.78,4.149949
3.268535187347416,3.235401
3.44,3.4092243
3.46,3.3675714
3.9,3.7854755
3.58,3.5809243
3.6,3.6516247
4.31,4.1102276
3.84,3.858846
3.1,3.437182
2.97,3.0733109
3.25,3.2630684
3.54,3.5854697
3.12,3.043635
3.52,3.3724885
2.21,2.3306603
3.1,3.072625
3.39,3.7363193
3.71,3.3673253
3.268535187347416,3.2451622
4.36,4.0414314
3.6,3.496394
2.75,3.2429175
3.46,3.1620638
3.31,3.660816
2.96,3.2966056
3.08,3.111673
3.57,3.7362163
3.16,2.941415
3.42,3.0882099
3.3,3.409095
2.93,2.9705915
3.26,3.1847856
3.23,3.4905865
4.39,4.323371
3.5,3.3840036
2.04,2.2543945
3.268535187347416,3.2490175
3.268535187347416,3.071804
3.52,3.456327
3.22,3.1415608
3.26,3.2789288
2.72,2.5137012
3.96,4.1143656
2.9,2.7700443
3.268535187347416,3.3141809
3.268535187347416,3.235401
3.79,3.8181841
3.19,3.1055806
3.14,3.204438
2.74,2.8463638
2.79,3.1171842
3.28,3.159115
3.64,3.5022054
3.76,3.5619664
3.35,3.5560021
3.66,3.6938488
3.3,3.3428593
2.99,3.081045
3.48,3.8632824
3.05,2.8451242
3.86,3.7951758
3.5,3.4903986
2.72,3.117725
1.53,2.5843852
3.26,3.2478561
3.57,3.4138818
3.64,3.7612798
2.85,2.699685
3.45,3.445574
2.77,3.1305463
3.41,3.4406445
3.52,3.6242273
3.93,3.9382637
2.4,2.8520203
3.46,3.5274293
3.39,3.271846
3.55,3.6168685
2.89,3.1351588
3.88,3.946769
3.34,3.4973114
3.23,3.0118597
3.09,2.9708993
3.268535187347416,3.2198117
3.77,3.4085395
4.2,4.2040133
4.27,3.8133216
3.98,3.9086747
3.84,3.7843213
3.38,3.1555772
3.72,3.609149
3.32,3.383028
3.71,3.465104
3.15,3.364942
3.99,3.8072302
3.268535187347416,3.160936
2.12,2.2967856
3.51,3.587579
2.73,2.8094792
2.72,2.8391008
3.72,3.4665487
3.31,3.565313
2.88,2.9969559
3.23,3.158839
2.89,3.0431967
3.41,3.3863335
2.61,2.924752
4.37,4.4273896
2.92,2.920915
3.57,3.4397128
3.02,3.2840323
3.12,2.6547241
4.19,4.2785892
3.49,3.682897
3.28,3.2258377
3.56,3.3120615
3.62,3.7461255
3.43,3.5065722
3.71,3.663461
3.52,3.419316
3.39,3.5534046
3.11,3.0091033
3.34,3.356544
3.6,3.8818913
3.36,3.4189882
3.56,3.2712398
3.52,3.5467122
3.9,3.6972582
3.03,3.0824265
2.82,3.3082445
3.1,3.0626397
2.96,3.029339
3.21,3.086178
2.61,2.7166972
2.69,2.689719
3.38,3.4762235
3.63,3.535565
2.72,2.9524326
3.268535187347416,3.2559774
3.72,3.6341417
2.87,2.6606405
3.6,3.394205
3.29,3.1073484
3.22,3.1357625
4.04,4.1095877
2.85,2.9534433
3.27,3.1578302
2.76,2.9450765
3.31,3.2596292
2.56,2.3850687
2.68,2.7378218
3.12,3.034695
3.53,3.7017512
3.44,3.308804
2.18,2.3132818
3.06,3.3086436
3.68,3.149713
3.26,3.4018295
3.84,3.824889
4.03,3.8907409
3.268535187347416,3.273659
3.2,3.3572342
3.26,3.3131158
2.82,2.836798
2.77,2.234483
4.06,3.8271115
3.28,3.7073064
2.64,2.830708
3.52,3.672046
2.83,2.6303136
2.57,3.0783226
2.97,3.0533786
4.04,3.8228106
3.13,2.8852932
3.46,3.3620143
3.83,3.3966978
2.86,3.0101213
3.94,3.838827
2.81,2.910465
3.38,3.1656592
2.38,2.6530616
3.85,3.6747868
3.6,3.5982363
3.19,3.5538096
3.5,3.359108
3.52,3.6475582
3.09,3.063776
3.75,3.5211306
4.24,4.0366874
2.98,3.0870848
3.07,2.883961
3.23,3.1071923
